{"loss": [3.921048402786255, 2.6467058658599854, 1.7480627298355103, 1.2109508514404297, 0.9581655859947205, 0.768264889717102, 0.6672084927558899, 0.6262614130973816, 0.5538694262504578, 0.46477729082107544, 0.4425971508026123, 0.3911483883857727, 0.3757844865322113, 0.3245793879032135, 0.34915733337402344, 0.3082914352416992, 0.32096531987190247, 0.27887216210365295, 0.2664197087287903, 0.2680341303348541, 0.239203080534935, 0.24595725536346436, 0.21864427626132965, 0.22491779923439026, 0.1717781126499176, 0.20164769887924194, 0.20307591557502747, 0.17635326087474823, 0.16664354503154755, 0.18841665983200073, 0.16520142555236816, 0.18329302966594696, 0.2027558833360672, 0.18650111556053162, 0.16907422244548798, 0.1713918298482895, 0.17515109479427338, 0.12648969888687134, 0.14204269647598267, 0.15236921608448029, 0.10483185946941376, 0.14598853886127472, 0.14705920219421387, 0.1494998335838318, 0.1132248267531395, 0.13482172787189484, 0.135945662856102, 0.14438094198703766, 0.10165129601955414, 0.11539117246866226], "accuracy": [0.056494660675525665, 0.2584519684314728, 0.48354092240333557, 0.6285586953163147, 0.6961743831634521, 0.7562277317047119, 0.7829181551933289, 0.7984875440597534, 0.8167259693145752, 0.8438612222671509, 0.8516725301742554, 0.8714413046836853, 0.8727757930755615, 0.8941280841827393, 0.8821174502372742, 0.895907461643219, 0.8963522911071777, 0.9048042893409729, 0.9096975326538086, 0.9123665690422058, 0.9185943007469177, 0.9145907759666443, 0.9239323735237122, 0.9252669215202332, 0.9408363103866577, 0.9337188601493835, 0.9310498237609863, 0.9412811398506165, 0.9421707987785339, 0.9337188601493835, 0.9452847242355347, 0.9332740306854248, 0.9319394826889038, 0.939056932926178, 0.9399465918540955, 0.9439501762390137, 0.9408363103866577, 0.958185076713562, 0.9524021148681641, 0.9439501762390137, 0.9644128084182739, 0.9452847242355347, 0.9479537606239319, 0.9461743831634521, 0.9626334309577942, 0.9550711512565613, 0.9528470039367676, 0.9497330784797668, 0.961298942565918, 0.9595195651054382], "val_loss": [3.261280059814453, 2.0149447917938232, 1.265760064125061, 0.905364453792572, 0.7600815892219543, 0.7169058918952942, 0.510168731212616, 0.5791674256324768, 0.45538511872291565, 0.4227602183818817, 0.36092808842658997, 0.29737651348114014, 0.3791939318180084, 0.27943897247314453, 0.42040905356407166, 0.26802703738212585, 0.285778284072876, 0.20965304970741272, 0.26193568110466003, 0.22860999405384064, 0.24455498158931732, 0.22478348016738892, 0.18328996002674103, 0.20561519265174866, 0.235747292637825, 0.18328818678855896, 0.24166777729988098, 0.22871525585651398, 0.15431128442287445, 0.20052343606948853, 0.17322751879692078, 0.1696147322654724, 0.13685348629951477, 0.14272502064704895, 0.18752698600292206, 0.14707010984420776, 0.15491926670074463, 0.1556577980518341, 0.13478787243366241, 0.1904456913471222, 0.13319732248783112, 0.16214606165885925, 0.20713554322719574, 0.19688114523887634, 0.15772280097007751, 0.14519520103931427, 0.14362168312072754, 0.12518003582954407, 0.11770110577344894, 0.14146117866039276], "val_accuracy": [0.17426900565624237, 0.4023391902446747, 0.609356701374054, 0.7216374278068542, 0.7520467638969421, 0.7929824590682983, 0.8269006013870239, 0.8081871271133423, 0.8502923846244812, 0.8631578683853149, 0.886549711227417, 0.9052631855010986, 0.8771929740905762, 0.898245632648468, 0.8678362369537354, 0.9181286692619324, 0.9029240012168884, 0.9333333373069763, 0.913450300693512, 0.9192982316017151, 0.9029240012168884, 0.9181286692619324, 0.934502899646759, 0.9263157844543457, 0.9169590473175049, 0.9368420839309692, 0.925146222114563, 0.9216374158859253, 0.9426900744438171, 0.9286549687385559, 0.9461988210678101, 0.9450292587280273, 0.9555555582046509, 0.9532163739204407, 0.9403508901596069, 0.9485380053520203, 0.9485380053520203, 0.9473684430122375, 0.9532163739204407, 0.9298245906829834, 0.9508771896362305, 0.9450292587280273, 0.9415204524993896, 0.9321637153625488, 0.9508771896362305, 0.9497076272964478, 0.9415204524993896, 0.9637426733970642, 0.9602339267730713, 0.9590643048286438]}